Grade,ScaleScore,Reading,Language/Writing,ELA,Mathematics,Science,Scale Score
3,510,99,99,99,99,,510
3,509,99,99,99,99,,509
3,508,99,99,99,99,,508
3,507,99,99,99,99,,507
3,506,99,99,99,99,,506
3,505,99,99,99,99,,505
3,504,99,99,99,99,,504
3,503,99,99,99,99,,503
3,502,99,99,99,99,,502
3,501,99,99,99,99,,501
3,500,99,99,99,99,,500
3,499,99,99,99,99,,499
3,498,99,99,99,99,,498
3,497,99,99,99,99,,497
3,496,99,99,99,99,,496
3,495,99,99,99,99,,495
3,494,99,99,99,99,,494
3,493,99,99,99,99,,493
3,492,99,99,99,99,,492
3,491,99,99,99,99,,491
3,490,99,99,99,99,,490
3,489,99,99,99,99,,489
3,488,99,99,99,99,,488
3,487,99,99,99,99,,487
3,486,99,99,99,99,,486
3,485,98,99,99,99,,485
3,484,98,99,99,99,,484
3,483,98,99,99,99,,483
3,482,98,99,99,99,,482
3,481,98,99,99,99,,481
3,480,98,99,99,99,,480
3,479,98,99,99,99,,479
3,478,98,99,99,99,,478
3,477,98,99,99,99,,477
3,476,98,99,99,98,,476
3,475,98,99,99,98,,475
3,474,97,99,99,98,,474
3,473,97,99,99,98,,473
3,472,97,99,99,98,,472
3,471,97,99,99,98,,471
3,470,97,99,99,97,,470
3,469,96,99,99,97,,469
3,468,96,99,99,97,,468
3,467,96,98,99,97,,467
3,466,96,98,98,97,,466
3,465,96,98,98,96,,465
3,464,96,98,98,96,,464
3,463,95,98,98,96,,463
3,462,95,97,98,96,,462
3,461,95,97,97,95,,461
3,460,94,97,97,95,,460
3,459,94,97,97,95,,459
3,458,94,96,97,94,,458
3,457,93,96,96,94,,457
3,456,93,96,96,93,,456
3,455,93,95,95,93,,455
3,454,92,95,95,93,,454
3,453,92,94,95,92,,453
3,452,91,94,94,92,,452
3,451,91,93,94,91,,451
3,450,91,93,93,90,,450
3,449,90,92,93,90,,449
3,448,89,91,92,89,,448
3,447,89,91,92,89,,447
3,446,88,90,91,88,,446
3,445,88,89,90,87,,445
3,444,87,89,89,87,,444
3,443,86,88,88,86,,443
3,442,86,88,88,85,,442
3,441,85,87,87,84,,441
3,440,84,86,86,84,,440
3,439,83,85,85,83,,439
3,438,82,84,84,83,,438
3,437,81,83,83,82,,437
3,436,80,82,83,81,,436
3,435,79,81,81,80,,435
3,434,78,80,80,79,,434
3,433,77,79,79,78,,433
3,432,76,78,78,77,,432
3,431,76,77,77,77,,431
3,430,75,76,76,76,,430
3,429,74,75,74,75,,429
3,428,72,74,73,74,,428
3,427,71,72,72,73,,427
3,426,70,71,71,72,,426
3,425,69,69,70,71,,425
3,424,68,68,69,70,,424
3,423,67,67,67,69,,423
3,422,66,66,66,68,,422
3,421,64,65,65,67,,421
3,420,63,63,64,66,,420
3,419,62,62,62,65,,419
3,418,61,61,61,64,,418
3,417,60,59,59,63,,417
3,416,59,58,58,62,,416
3,415,58,56,57,61,,415
3,414,57,55,55,59,,414
3,413,56,53,54,58,,413
3,412,55,52,53,57,,412
3,411,54,50,52,56,,411
3,410,53,49,50,55,,410
3,409,52,48,49,54,,409
3,408,50,47,48,53,,408
3,407,49,46,46,51,,407
3,406,48,45,45,50,,406
3,405,47,43,44,49,,405
3,404,46,42,42,48,,404
3,403,44,41,41,47,,403
3,402,43,39,40,46,,402
3,401,42,38,39,44,,401
3,400,41,37,38,43,,400
3,399,40,36,37,42,,399
3,398,39,35,36,41,,398
3,397,37,34,35,40,,397
3,396,37,33,33,39,,396
3,395,36,32,32,38,,395
3,394,35,30,31,36,,394
3,393,34,29,30,35,,393
3,392,33,28,29,33,,392
3,391,31,27,27,31,,391
3,390,30,26,26,29,,390
3,389,28,25,25,28,,389
3,388,27,24,24,27,,388
3,387,26,23,23,26,,387
3,386,25,22,22,25,,386
3,385,24,22,21,23,,385
3,384,23,21,20,22,,384
3,383,22,20,19,21,,383
3,382,21,19,18,20,,382
3,381,20,18,17,19,,381
3,380,19,17,16,17,,380
3,379,18,16,15,16,,379
3,378,17,16,14,15,,378
3,377,16,15,13,14,,377
3,376,15,14,13,12,,376
3,375,13,13,12,11,,375
3,374,12,13,11,10,,374
3,373,11,12,10,9,,373
3,372,10,12,9,8,,372
3,371,9,11,9,7,,371
3,370,8,10,8,6,,370
3,369,8,10,7,5,,369
3,368,7,9,6,4,,368
3,367,6,8,5,4,,367
3,366,5,8,5,3,,366
3,365,5,7,4,2,,365
3,364,4,7,3,2,,364
3,363,3,6,3,2,,363
3,362,3,6,2,1,,362
3,361,2,5,2,1,,361
3,360,2,5,1,1,,360
3,359,1,4,1,1,,359
3,358,1,4,1,1,,358
3,357,1,4,1,1,,357
3,356,1,3,1,1,,356
3,355,1,3,1,1,,355
3,354,1,2,1,1,,354
3,353,1,2,1,1,,353
3,352,1,1,1,1,,352
3,351,1,1,1,1,,351
3,350,1,1,1,1,,350
3,349,1,1,1,1,,349
3,348,1,1,1,1,,348
3,347,1,1,1,1,,347
3,346,1,1,1,1,,346
3,345,1,1,1,1,,345
4,540,99,99,99,99,,540
4,539,99,99,99,99,,539
4,538,99,99,99,99,,538
4,537,99,99,99,99,,537
4,536,99,99,99,99,,536
4,535,99,99,99,99,,535
4,534,99,99,99,99,,534
4,533,99,99,99,99,,533
4,532,99,99,99,99,,532
4,531,99,99,99,99,,531
4,530,99,99,99,99,,530
4,529,99,99,99,99,,529
4,528,99,99,99,99,,528
4,527,99,99,99,99,,527
4,526,99,99,99,99,,526
4,525,99,99,99,99,,525
4,524,99,99,99,99,,524
4,523,99,99,99,99,,523
4,522,99,99,99,99,,522
4,521,99,99,99,99,,521
4,520,99,99,99,99,,520
4,519,99,99,99,99,,519
4,518,99,99,99,99,,518
4,517,99,99,99,99,,517
4,516,99,99,99,99,,516
4,515,99,99,99,99,,515
4,514,99,99,99,99,,514
4,513,99,99,99,99,,513
4,512,99,99,99,99,,512
4,511,99,99,99,99,,511
4,510,99,99,99,99,,510
4,509,99,99,99,98,,509
4,508,99,99,99,98,,508
4,507,99,99,99,98,,507
4,506,99,99,99,98,,506
4,505,99,99,99,98,,505
4,504,98,98,99,98,,504
4,503,98,98,99,98,,503
4,502,98,98,99,97,,502
4,501,98,98,99,97,,501
4,500,98,98,99,97,,500
4,499,98,98,99,97,,499
4,498,97,98,99,97,,498
4,497,97,97,99,96,,497
4,496,97,97,98,96,,496
4,495,97,97,98,96,,495
4,494,97,97,98,95,,494
4,493,96,96,98,95,,493
4,492,96,96,98,95,,492
4,491,96,96,97,95,,491
4,490,96,96,97,94,,490
4,489,95,95,97,94,,489
4,488,95,95,97,94,,488
4,487,94,95,96,93,,487
4,486,94,94,96,93,,486
4,485,94,94,96,92,,485
4,484,93,94,95,92,,484
4,483,93,93,95,92,,483
4,482,92,93,94,91,,482
4,481,92,92,94,91,,481
4,480,91,92,94,90,,480
4,479,91,91,94,90,,479
4,478,90,91,94,89,,478
4,477,90,90,93,88,,477
4,476,89,90,92,87,,476
4,475,89,89,91,86,,475
4,474,88,89,90,86,,474
4,473,87,88,90,85,,473
4,472,87,87,89,85,,472
4,471,86,87,88,84,,471
4,470,85,86,88,84,,470
4,469,85,85,87,84,,469
4,468,84,85,86,83,,468
4,467,83,84,86,83,,467
4,466,83,83,85,82,,466
4,465,82,82,84,81,,465
4,464,81,82,83,80,,464
4,463,80,81,82,80,,463
4,462,79,80,81,79,,462
4,461,78,79,80,78,,461
4,460,77,78,79,77,,460
4,459,77,77,78,77,,459
4,458,76,76,77,76,,458
4,457,75,75,76,75,,457
4,456,74,74,75,74,,456
4,455,73,73,74,73,,455
4,454,72,72,73,73,,454
4,453,71,71,72,72,,453
4,452,70,70,71,71,,452
4,451,69,69,70,70,,451
4,450,68,68,69,69,,450
4,449,67,67,68,69,,449
4,448,66,67,67,68,,448
4,447,65,66,65,67,,447
4,446,64,65,65,66,,446
4,445,63,64,63,65,,445
4,444,62,63,62,64,,444
4,443,61,62,61,63,,443
4,442,60,61,60,62,,442
4,441,59,60,59,61,,441
4,440,58,59,58,60,,440
4,439,57,57,57,59,,439
4,438,56,56,55,58,,438
4,437,55,55,54,57,,437
4,436,54,54,53,56,,436
4,435,53,53,52,56,,435
4,434,52,52,51,55,,434
4,433,51,51,50,54,,433
4,432,50,50,49,53,,432
4,431,49,48,47,52,,431
4,430,48,47,46,51,,430
4,429,47,46,45,50,,429
4,428,46,45,44,49,,428
4,427,45,44,43,48,,427
4,426,44,43,42,47,,426
4,425,43,42,41,46,,425
4,424,42,41,40,45,,424
4,423,41,40,39,44,,423
4,422,40,38,38,43,,422
4,421,39,37,37,42,,421
4,420,38,36,35,41,,420
4,419,37,35,35,40,,419
4,418,36,34,34,39,,418
4,417,35,33,33,37,,417
4,416,34,32,32,36,,416
4,415,33,31,31,36,,415
4,414,32,30,31,35,,414
4,413,31,29,30,34,,413
4,412,30,28,28,33,,412
4,411,29,28,27,32,,411
4,410,29,27,26,31,,410
4,409,28,26,25,29,,409
4,408,27,25,24,28,,408
4,407,26,24,23,27,,407
4,406,26,23,23,27,,406
4,405,25,22,22,26,,405
4,404,24,22,21,25,,404
4,403,23,21,20,23,,403
4,402,22,20,19,22,,402
4,401,21,19,18,21,,401
4,400,20,19,17,20,,400
4,399,20,18,17,20,,399
4,398,19,17,16,19,,398
4,397,18,17,15,17,,397
4,396,17,16,15,16,,396
4,395,16,15,14,15,,395
4,394,16,15,13,14,,394
4,393,15,14,13,14,,393
4,392,14,13,12,13,,392
4,391,13,13,11,12,,391
4,390,13,12,11,11,,390
4,389,12,11,10,10,,389
4,388,11,11,10,9,,388
4,387,10,10,9,9,,387
4,386,10,10,8,8,,386
4,385,9,9,8,7,,385
4,384,9,9,8,7,,384
4,383,8,8,7,6,,383
4,382,7,8,7,5,,382
4,381,7,8,6,5,,381
4,380,6,7,6,4,,380
4,379,6,7,5,4,,379
4,378,6,7,5,3,,378
4,377,5,6,4,3,,377
4,376,5,6,4,2,,376
4,375,4,6,4,2,,375
4,374,4,5,3,2,,374
4,373,4,5,3,2,,373
4,372,3,4,3,1,,372
4,371,3,4,2,1,,371
4,370,3,4,2,1,,370
4,369,3,4,2,1,,369
4,368,2,3,2,1,,368
4,367,2,3,1,1,,367
4,366,2,3,1,1,,366
4,365,2,3,1,1,,365
4,364,1,2,1,1,,364
4,363,1,2,1,1,,363
4,362,1,2,1,1,,362
4,361,1,2,1,1,,361
4,360,1,2,1,1,,360
4,359,1,1,1,1,,359
4,358,1,1,1,1,,358
4,357,1,1,1,1,,357
4,356,1,1,1,1,,356
4,355,1,1,1,1,,355
4,354,1,1,1,1,,354
4,353,1,1,1,1,,353
4,352,1,1,1,1,,352
4,351,1,1,1,1,,351
4,350,1,1,1,1,,350
5,590,99,99,99,99,99,590
5,589,99,99,99,99,99,589
5,588,99,99,99,99,99,588
5,587,99,99,99,99,99,587
5,586,99,99,99,99,99,586
5,585,99,99,99,99,99,585
5,584,99,99,99,99,99,584
5,583,99,99,99,99,99,583
5,582,99,99,99,99,99,582
5,581,99,99,99,99,99,581
5,580,99,99,99,99,99,580
5,579,99,99,99,99,99,579
5,578,99,99,99,99,99,578
5,577,99,99,99,99,99,577
5,576,99,99,99,99,99,576
5,575,99,99,99,99,99,575
5,574,99,99,99,99,99,574
5,573,99,99,99,99,99,573
5,572,99,99,99,99,99,572
5,571,99,99,99,99,99,571
5,570,99,99,99,99,99,570
5,569,99,99,99,99,99,569
5,568,99,99,99,99,99,568
5,567,99,99,99,99,99,567
5,566,99,99,99,99,99,566
5,565,99,99,99,99,99,565
5,564,99,99,99,99,99,564
5,563,99,99,99,99,99,563
5,562,99,99,99,99,99,562
5,561,99,99,99,99,99,561
5,560,99,99,99,99,99,560
5,559,99,99,99,99,99,559
5,558,99,99,99,99,99,558
5,557,99,99,99,99,98,557
5,556,99,99,99,99,98,556
5,555,99,99,99,99,98,555
5,554,99,99,99,99,98,554
5,553,99,99,99,98,98,553
5,552,99,99,99,98,98,552
5,551,99,99,99,98,98,551
5,550,99,99,99,98,98,550
5,549,99,99,99,98,98,549
5,548,99,99,99,98,98,548
5,547,99,99,99,98,97,547
5,546,99,99,99,98,97,546
5,545,99,99,99,97,97,545
5,544,98,99,99,97,97,544
5,543,98,99,99,97,97,543
5,542,98,99,99,97,97,542
5,541,98,99,99,97,96,541
5,540,98,99,99,97,96,540
5,539,98,98,99,97,96,539
5,538,98,98,99,96,96,538
5,537,98,98,99,96,96,537
5,536,98,98,99,96,96,536
5,535,97,98,99,96,96,535
5,534,97,98,99,96,96,534
5,533,97,98,99,96,96,533
5,532,97,98,98,95,95,532
5,531,97,97,98,95,95,531
5,530,96,97,98,95,95,530
5,529,96,97,98,95,95,529
5,528,96,97,98,94,95,528
5,527,96,97,98,94,94,527
5,526,96,96,98,94,94,526
5,525,95,96,97,94,94,525
5,524,95,96,97,93,94,524
5,523,95,96,97,93,94,523
5,522,95,95,97,93,93,522
5,521,94,95,97,93,93,521
5,520,94,95,96,92,93,520
5,519,94,95,96,92,93,519
5,518,93,94,96,92,92,518
5,517,93,94,95,91,92,517
5,516,93,94,95,91,92,516
5,515,92,93,95,91,91,515
5,514,92,93,95,90,91,514
5,513,91,92,95,90,91,513
5,512,91,92,94,90,91,512
5,511,91,92,93,89,90,511
5,510,90,91,93,89,90,510
5,509,90,91,92,88,90,509
5,508,90,91,92,88,89,508
5,507,89,90,91,88,89,507
5,506,89,90,91,87,89,506
5,505,88,89,91,87,88,505
5,504,88,89,90,86,88,504
5,503,87,88,90,86,87,503
5,502,87,88,89,85,87,502
5,501,86,87,88,85,86,501
5,500,86,87,88,85,86,500
5,499,85,86,87,84,86,499
5,498,84,85,87,84,85,498
5,497,84,85,86,83,85,497
5,496,83,84,85,83,84,496
5,495,83,83,85,82,84,495
5,494,82,83,84,82,83,494
5,493,81,82,83,81,83,493
5,492,81,81,83,81,82,492
5,491,80,81,82,80,82,491
5,490,79,80,82,80,81,490
5,489,79,79,81,79,80,489
5,488,78,78,80,79,80,488
5,487,77,78,79,78,79,487
5,486,77,77,79,78,79,486
5,485,76,76,78,77,78,485
5,484,75,75,77,76,78,484
5,483,75,74,76,76,77,483
5,482,74,74,75,75,76,482
5,481,73,73,75,75,76,481
5,480,72,72,73,74,75,480
5,479,72,71,73,73,74,479
5,478,71,70,72,73,74,478
5,477,70,70,71,72,73,477
5,476,69,69,70,71,73,476
5,475,68,68,70,71,72,475
5,474,68,67,68,70,71,474
5,473,67,67,67,69,71,473
5,472,66,66,67,68,70,472
5,471,65,65,66,68,69,471
5,470,64,64,64,67,68,470
5,469,64,63,64,66,67,469
5,468,63,62,63,66,67,468
5,467,62,61,62,65,66,467
5,466,61,60,61,64,65,466
5,465,60,59,60,64,64,465
5,464,59,58,59,63,63,464
5,463,58,57,58,62,62,463
5,462,58,56,57,61,61,462
5,461,57,55,56,61,60,461
5,460,56,54,55,60,60,460
5,459,55,53,54,59,59,459
5,458,54,52,53,59,58,458
5,457,53,51,52,58,57,457
5,456,52,50,51,57,56,456
5,455,51,49,50,56,55,455
5,454,51,48,49,55,54,454
5,453,50,48,48,54,52,453
5,452,49,47,47,53,50,452
5,451,48,46,46,52,49,451
5,450,47,45,45,52,49,450
5,449,46,44,44,51,48,449
5,448,46,43,43,50,48,448
5,447,45,42,42,49,47,447
5,446,44,41,41,49,46,446
5,445,43,41,40,48,45,445
5,444,42,40,39,47,44,444
5,443,42,39,38,46,43,443
5,442,41,38,37,45,42,442
5,441,40,37,37,44,41,441
5,440,39,37,36,43,41,440
5,439,38,36,35,42,40,439
5,438,37,35,35,41,39,438
5,437,36,34,34,41,38,437
5,436,36,33,33,40,37,436
5,435,35,32,32,39,36,435
5,434,34,32,31,38,35,434
5,433,33,31,30,37,34,433
5,432,33,30,29,36,33,432
5,431,32,29,29,35,32,431
5,430,31,28,28,33,31,430
5,429,30,27,27,31,31,429
5,428,29,27,26,30,30,428
5,427,29,26,25,30,29,427
5,426,28,25,25,29,28,426
5,425,27,24,24,28,27,425
5,424,27,24,23,27,26,424
5,423,26,23,22,26,25,423
5,422,25,22,22,25,24,422
5,421,25,22,21,24,23,421
5,420,24,21,20,23,22,420
5,419,23,20,20,22,21,419
5,418,23,20,19,21,20,418
5,417,22,19,18,20,20,417
5,416,21,19,18,19,19,416
5,415,20,18,17,18,18,415
5,414,20,18,16,17,17,414
5,413,19,17,16,16,17,413
5,412,18,17,15,15,16,412
5,411,18,16,15,15,15,411
5,410,17,16,14,14,14,410
5,409,16,15,13,13,14,409
5,408,15,15,13,12,13,408
5,407,15,14,12,11,12,407
5,406,14,13,12,10,11,406
5,405,14,13,11,10,10,405
5,404,13,13,11,9,10,404
5,403,12,12,10,8,9,403
5,402,12,12,10,8,9,402
5,401,11,11,9,7,8,401
5,400,11,11,9,6,8,400
5,399,10,10,8,6,7,399
5,398,10,10,8,5,7,398
5,397,9,9,8,5,6,397
5,396,8,9,7,4,6,396
5,395,8,9,7,4,5,395
5,394,7,8,6,3,5,394
5,393,7,8,6,3,5,393
5,392,6,8,5,2,4,392
5,391,6,7,5,2,4,391
5,390,5,7,5,2,3,390
5,389,5,7,4,2,3,389
5,388,4,6,4,1,3,388
5,387,4,6,4,1,2,387
5,386,3,6,3,1,2,386
5,385,3,6,3,1,2,385
5,384,3,5,3,1,2,384
5,383,2,5,2,1,2,383
5,382,2,5,2,1,1,382
5,381,2,5,2,1,1,381
5,380,1,4,2,1,1,380
5,379,1,4,1,1,1,379
5,378,1,4,1,1,1,378
5,377,1,4,1,1,1,377
5,376,1,4,1,1,1,376
5,375,1,3,1,1,1,375
5,374,1,3,1,1,1,374
5,373,1,3,1,1,1,373
5,372,1,3,1,1,1,372
5,371,1,2,1,1,1,371
5,370,1,2,1,1,1,370
5,369,1,2,1,1,1,369
5,368,1,2,1,1,1,368
5,367,1,2,1,1,1,367
5,366,1,1,1,1,1,366
5,365,1,1,1,1,1,365
5,364,1,1,1,1,1,364
5,363,1,1,1,1,1,363
5,362,1,1,1,1,1,362
5,361,1,1,1,1,1,361
5,360,1,1,1,1,1,360
5,359,1,1,1,1,1,359
5,358,1,1,1,1,1,358
5,357,1,1,1,1,1,357
5,356,1,1,1,1,1,356
5,355,1,1,1,1,1,355
6,640,99,99,99,99,,640
6,639,99,99,99,99,,639
6,638,99,99,99,99,,638
6,637,99,99,99,99,,637
6,636,99,99,99,99,,636
6,635,99,99,99,99,,635
6,634,99,99,99,99,,634
6,633,99,99,99,99,,633
6,632,99,99,99,99,,632
6,631,99,99,99,99,,631
6,630,99,99,99,99,,630
6,629,99,99,99,99,,629
6,628,99,99,99,99,,628
6,627,99,99,99,99,,627
6,626,99,99,99,99,,626
6,625,99,99,99,99,,625
6,624,99,99,99,99,,624
6,623,99,99,99,99,,623
6,622,99,99,99,99,,622
6,621,99,99,99,99,,621
6,620,99,99,99,99,,620
6,619,99,99,99,99,,619
6,618,99,99,99,99,,618
6,617,99,99,99,99,,617
6,616,99,99,99,99,,616
6,615,99,99,99,99,,615
6,614,99,99,99,99,,614
6,613,99,99,99,99,,613
6,612,99,99,99,99,,612
6,611,99,99,99,99,,611
6,610,99,99,99,99,,610
6,609,99,99,99,99,,609
6,608,99,99,99,99,,608
6,607,99,99,99,99,,607
6,606,99,99,99,99,,606
6,605,99,99,99,99,,605
6,604,99,99,99,99,,604
6,603,99,99,99,99,,603
6,602,99,99,99,99,,602
6,601,99,99,99,99,,601
6,600,99,99,99,99,,600
6,599,99,99,99,99,,599
6,598,99,99,99,99,,598
6,597,99,99,99,99,,597
6,596,99,99,99,99,,596
6,595,99,99,99,99,,595
6,594,99,99,99,99,,594
6,593,99,99,99,99,,593
6,592,99,99,99,99,,592
6,591,99,99,99,99,,591
6,590,99,99,99,99,,590
6,589,99,99,99,99,,589
6,588,99,99,99,99,,588
6,587,99,99,99,99,,587
6,586,99,99,99,99,,586
6,585,99,99,99,98,,585
6,584,99,99,99,98,,584
6,583,99,99,99,98,,583
6,582,99,99,99,98,,582
6,581,99,99,99,98,,581
6,580,99,99,99,98,,580
6,579,98,99,99,98,,579
6,578,98,99,99,98,,578
6,577,98,99,99,98,,577
6,576,98,99,99,98,,576
6,575,98,99,99,98,,575
6,574,98,99,99,97,,574
6,573,98,99,99,97,,573
6,572,98,99,99,97,,572
6,571,98,99,99,97,,571
6,570,98,99,99,97,,570
6,569,98,98,99,97,,569
6,568,98,98,99,97,,568
6,567,98,98,99,96,,567
6,566,98,98,99,96,,566
6,565,98,98,98,96,,565
6,564,98,98,98,96,,564
6,563,98,98,98,96,,563
6,562,97,97,98,96,,562
6,561,97,97,98,95,,561
6,560,97,97,98,95,,560
6,559,97,97,98,95,,559
6,558,97,97,98,95,,558
6,557,96,97,98,95,,557
6,556,96,96,97,94,,556
6,555,96,96,97,94,,555
6,554,96,96,97,94,,554
6,553,96,96,97,94,,553
6,552,95,96,97,93,,552
6,551,95,95,97,93,,551
6,550,95,95,96,93,,550
6,549,95,95,96,93,,549
6,548,94,95,96,92,,548
6,547,94,94,96,92,,547
6,546,94,94,95,92,,546
6,545,93,94,95,91,,545
6,544,93,94,95,91,,544
6,543,92,93,95,91,,543
6,542,92,93,95,91,,542
6,541,92,93,95,90,,541
6,540,91,92,94,90,,540
6,539,91,92,93,90,,539
6,538,91,92,93,89,,538
6,537,90,91,92,89,,537
6,536,90,91,92,89,,536
6,535,89,91,92,88,,535
6,534,89,90,91,88,,534
6,533,88,90,91,88,,533
6,532,88,89,90,87,,532
6,531,87,89,90,86,,531
6,530,87,89,89,86,,530
6,529,86,88,89,86,,529
6,528,86,87,88,86,,528
6,527,85,87,88,85,,527
6,526,85,86,87,85,,526
6,525,84,86,87,84,,525
6,524,83,85,86,84,,524
6,523,83,85,86,83,,523
6,522,82,84,85,83,,522
6,521,82,84,84,83,,521
6,520,81,83,84,82,,520
6,519,80,83,83,82,,519
6,518,80,82,83,81,,518
6,517,79,81,82,81,,517
6,516,78,81,81,80,,516
6,515,78,80,81,80,,515
6,514,77,79,80,79,,514
6,513,76,79,79,79,,513
6,512,76,78,78,79,,512
6,511,75,77,78,78,,511
6,510,74,77,77,77,,510
6,509,74,76,76,77,,509
6,508,73,75,75,76,,508
6,507,72,75,75,76,,507
6,506,72,74,74,75,,506
6,505,71,73,73,75,,505
6,504,70,72,72,74,,504
6,503,70,72,72,73,,503
6,502,69,71,71,73,,502
6,501,68,70,70,72,,501
6,500,68,69,69,72,,500
6,499,67,68,68,71,,499
6,498,66,67,68,70,,498
6,497,65,67,67,70,,497
6,496,65,66,66,69,,496
6,495,64,65,65,68,,495
6,494,63,64,64,68,,494
6,493,63,64,63,67,,493
6,492,62,63,63,66,,492
6,491,61,62,62,66,,491
6,490,60,61,61,65,,490
6,489,60,60,60,64,,489
6,488,59,59,60,64,,488
6,487,58,58,58,63,,487
6,486,58,57,58,62,,486
6,485,57,56,57,61,,485
6,484,56,56,56,60,,484
6,483,56,55,55,60,,483
6,482,55,54,55,59,,482
6,481,54,53,53,58,,481
6,480,54,52,52,57,,480
6,479,53,52,52,57,,479
6,478,52,51,51,56,,478
6,477,51,50,50,55,,477
6,476,51,49,49,55,,476
6,475,50,48,49,54,,475
6,474,49,47,47,53,,474
6,473,48,46,47,52,,473
6,472,48,45,46,51,,472
6,471,47,45,45,50,,471
6,470,46,44,44,49,,470
6,469,45,43,44,49,,469
6,468,45,42,42,48,,468
6,467,44,41,41,47,,467
6,466,43,41,41,46,,466
6,465,43,40,40,45,,465
6,464,42,39,39,44,,464
6,463,41,38,39,44,,463
6,462,40,37,38,43,,462
6,461,40,36,37,42,,461
6,460,39,35,36,41,,460
6,459,38,35,36,41,,459
6,458,38,34,35,40,,458
6,457,37,33,34,39,,457
6,456,36,33,34,38,,456
6,455,36,32,33,37,,455
6,454,35,31,32,36,,454
6,453,34,31,31,35,,453
6,452,34,30,30,34,,452
6,451,33,29,29,33,,451
6,450,32,28,29,32,,450
6,449,32,28,28,31,,449
6,448,31,27,27,31,,448
6,447,30,26,27,30,,447
6,446,30,26,26,29,,446
6,445,29,25,25,29,,445
6,444,28,25,25,28,,444
6,443,28,24,24,27,,443
6,442,27,23,23,26,,442
6,441,27,23,23,25,,441
6,440,26,22,22,24,,440
6,439,25,22,21,24,,439
6,438,25,21,21,23,,438
6,437,24,20,20,22,,437
6,436,23,20,19,21,,436
6,435,23,19,19,20,,435
6,434,22,19,18,19,,434
6,433,21,18,18,18,,433
6,432,20,18,17,17,,432
6,431,20,17,16,17,,431
6,430,19,17,16,16,,430
6,429,18,16,16,15,,429
6,428,18,16,15,14,,428
6,427,17,15,14,14,,427
6,426,17,15,14,13,,426
6,425,16,15,14,12,,425
6,424,15,14,13,12,,424
6,423,15,14,12,11,,423
6,422,14,13,12,11,,422
6,421,13,13,11,10,,421
6,420,13,12,11,9,,420
6,419,12,12,10,9,,419
6,418,12,12,10,8,,418
6,417,11,11,9,7,,417
6,416,10,11,9,7,,416
6,415,10,11,8,6,,415
6,414,9,10,8,6,,414
6,413,8,10,8,6,,413
6,412,8,9,7,5,,412
6,411,7,9,7,5,,411
6,410,7,9,6,4,,410
6,409,6,8,6,4,,409
6,408,6,8,6,4,,408
6,407,5,8,5,3,,407
6,406,5,7,5,3,,406
6,405,5,7,4,3,,405
6,404,4,7,4,3,,404
6,403,4,6,4,2,,403
6,402,4,6,3,2,,402
6,401,3,6,3,2,,401
6,400,3,6,3,2,,400
6,399,3,5,3,2,,399
6,398,2,5,2,1,,398
6,397,2,5,2,1,,397
6,396,2,5,2,1,,396
6,395,2,4,2,1,,395
6,394,1,4,2,1,,394
6,393,1,4,1,1,,393
6,392,1,4,1,1,,392
6,391,1,3,1,1,,391
6,390,1,3,1,1,,390
6,389,1,3,1,1,,389
6,388,1,3,1,1,,388
6,387,1,3,1,1,,387
6,386,1,3,1,1,,386
6,385,1,2,1,1,,385
6,384,1,2,1,1,,384
6,383,1,2,1,1,,383
6,382,1,2,1,1,,382
6,381,1,2,1,1,,381
6,380,1,2,1,1,,380
6,379,1,1,1,1,,379
6,378,1,1,1,1,,378
6,377,1,1,1,1,,377
6,376,1,1,1,1,,376
6,375,1,1,1,1,,375
6,374,1,1,1,1,,374
6,373,1,1,1,1,,373
6,372,1,1,1,1,,372
6,371,1,1,1,1,,371
6,370,1,1,1,1,,370
6,369,1,1,1,1,,369
6,368,1,1,1,1,,368
6,367,1,1,1,1,,367
6,366,1,1,1,1,,366
6,365,1,1,1,1,,365
6,364,1,1,1,1,,364
6,363,1,1,1,1,,363
6,362,1,1,1,1,,362
6,361,1,1,1,1,,361
6,360,1,1,1,1,,360
7,680,99,99,99,99,,680
7,679,99,99,99,99,,679
7,678,99,99,99,99,,678
7,677,99,99,99,99,,677
7,676,99,99,99,99,,676
7,675,99,99,99,99,,675
7,674,99,99,99,99,,674
7,673,99,99,99,99,,673
7,672,99,99,99,99,,672
7,671,99,99,99,99,,671
7,670,99,99,99,99,,670
7,669,99,99,99,99,,669
7,668,99,99,99,99,,668
7,667,99,99,99,99,,667
7,666,99,99,99,99,,666
7,665,99,99,99,99,,665
7,664,99,99,99,99,,664
7,663,99,99,99,99,,663
7,662,99,99,99,99,,662
7,661,99,99,99,99,,661
7,660,99,99,99,99,,660
7,659,99,99,99,99,,659
7,658,99,99,99,99,,658
7,657,99,99,99,99,,657
7,656,99,99,99,99,,656
7,655,99,99,99,99,,655
7,654,99,99,99,99,,654
7,653,99,99,99,99,,653
7,652,99,99,99,99,,652
7,651,99,99,99,99,,651
7,650,99,99,99,99,,650
7,649,99,99,99,99,,649
7,648,99,99,99,99,,648
7,647,99,99,99,99,,647
7,646,99,99,99,99,,646
7,645,99,99,99,99,,645
7,644,99,99,99,99,,644
7,643,99,99,99,99,,643
7,642,99,99,99,99,,642
7,641,99,99,99,99,,641
7,640,99,99,99,99,,640
7,639,99,99,99,99,,639
7,638,99,99,99,99,,638
7,637,99,99,99,99,,637
7,636,99,99,99,99,,636
7,635,99,99,99,99,,635
7,634,99,99,99,99,,634
7,633,98,99,99,99,,633
7,632,98,99,99,99,,632
7,631,98,99,99,99,,631
7,630,98,99,99,99,,630
7,629,98,99,99,99,,629
7,628,98,99,99,99,,628
7,627,98,99,99,99,,627
7,626,98,99,99,99,,626
7,625,98,99,99,99,,625
7,624,98,99,99,99,,624
7,623,98,99,99,99,,623
7,622,98,99,99,99,,622
7,621,98,99,99,99,,621
7,620,98,99,99,99,,620
7,619,98,99,99,99,,619
7,618,98,99,99,98,,618
7,617,98,99,99,98,,617
7,616,97,99,99,98,,616
7,615,97,99,99,98,,615
7,614,97,99,99,98,,614
7,613,97,99,99,98,,613
7,612,97,99,99,98,,612
7,611,97,99,99,98,,611
7,610,97,99,99,98,,610
7,609,97,99,99,98,,609
7,608,97,99,99,97,,608
7,607,97,99,99,97,,607
7,606,97,99,99,97,,606
7,605,97,99,99,97,,605
7,604,97,99,99,97,,604
7,603,97,99,99,97,,603
7,602,97,99,98,97,,602
7,601,97,99,98,97,,601
7,600,97,99,98,96,,600
7,599,96,99,98,96,,599
7,598,96,99,98,96,,598
7,597,96,99,98,96,,597
7,596,96,98,98,96,,596
7,595,96,98,98,96,,595
7,594,96,98,98,96,,594
7,593,96,98,98,95,,593
7,592,96,98,98,95,,592
7,591,95,98,97,95,,591
7,590,95,98,97,95,,590
7,589,95,98,97,95,,589
7,588,95,98,97,94,,588
7,587,95,97,97,94,,587
7,586,95,97,97,94,,586
7,585,94,97,97,94,,585
7,584,94,97,97,94,,584
7,583,94,97,96,93,,583
7,582,94,96,96,93,,582
7,581,94,96,96,93,,581
7,580,94,96,96,93,,580
7,579,93,96,96,92,,579
7,578,93,95,95,92,,578
7,577,93,95,95,92,,577
7,576,93,95,95,91,,576
7,575,93,95,95,91,,575
7,574,92,94,94,90,,574
7,573,92,94,94,90,,573
7,572,92,94,94,90,,572
7,571,91,93,94,89,,571
7,570,91,93,94,89,,570
7,569,91,93,94,89,,569
7,568,90,92,93,89,,568
7,567,90,92,92,89,,567
7,566,90,92,92,88,,566
7,565,89,91,92,88,,565
7,564,89,91,91,88,,564
7,563,89,90,91,87,,563
7,562,88,90,90,87,,562
7,561,88,89,90,87,,561
7,560,88,89,89,86,,560
7,559,87,88,89,86,,559
7,558,87,88,89,85,,558
7,557,86,87,88,85,,557
7,556,86,87,88,85,,556
7,555,85,86,87,84,,555
7,554,85,86,87,84,,554
7,553,84,85,86,84,,553
7,552,84,85,86,83,,552
7,551,83,84,85,83,,551
7,550,83,84,84,82,,550
7,549,82,83,84,82,,549
7,548,82,82,83,82,,548
7,547,81,82,82,81,,547
7,546,81,81,82,81,,546
7,545,80,80,81,80,,545
7,544,79,80,80,80,,544
7,543,79,79,80,80,,543
7,542,78,78,79,79,,542
7,541,77,78,79,79,,541
7,540,77,77,78,78,,540
7,539,76,76,77,78,,539
7,538,75,76,76,77,,538
7,537,75,75,76,77,,537
7,536,74,74,75,76,,536
7,535,74,73,74,76,,535
7,534,73,73,74,75,,534
7,533,72,72,73,75,,533
7,532,72,71,72,74,,532
7,531,71,71,72,74,,531
7,530,70,70,71,73,,530
7,529,70,69,70,72,,529
7,528,69,68,69,72,,528
7,527,68,68,69,71,,527
7,526,68,67,68,71,,526
7,525,67,66,67,70,,525
7,524,66,65,67,70,,524
7,523,65,65,66,69,,523
7,522,65,64,65,69,,522
7,521,64,63,64,68,,521
7,520,63,62,63,67,,520
7,519,63,61,63,67,,519
7,518,62,61,62,66,,518
7,517,61,60,61,66,,517
7,516,61,59,60,65,,516
7,515,60,58,60,64,,515
7,514,59,57,59,64,,514
7,513,59,57,58,63,,513
7,512,58,56,57,62,,512
7,511,57,55,56,61,,511
7,510,57,54,56,61,,510
7,509,56,54,55,60,,509
7,508,55,53,54,60,,508
7,507,55,52,53,59,,507
7,506,54,52,52,58,,506
7,505,53,51,51,58,,505
7,504,52,50,51,57,,504
7,503,52,49,50,56,,503
7,502,51,49,49,56,,502
7,501,50,48,48,55,,501
7,500,50,47,48,54,,500
7,499,49,46,47,54,,499
7,498,48,46,46,53,,498
7,497,47,45,45,52,,497
7,496,47,44,45,52,,496
7,495,46,43,44,51,,495
7,494,45,43,43,51,,494
7,493,45,42,43,50,,493
7,492,44,41,42,49,,492
7,491,43,41,41,48,,491
7,490,43,40,41,48,,490
7,489,42,40,40,47,,489
7,488,41,39,39,46,,488
7,487,41,38,39,45,,487
7,486,40,38,38,45,,486
7,485,39,37,37,44,,485
7,484,39,37,37,43,,484
7,483,38,36,36,42,,483
7,482,38,35,35,42,,482
7,481,37,35,35,41,,481
7,480,36,34,34,40,,480
7,479,36,33,33,39,,479
7,478,35,33,32,39,,478
7,477,34,32,32,38,,477
7,476,34,32,31,37,,476
7,475,33,31,31,36,,475
7,474,32,30,30,36,,474
7,473,32,30,29,35,,473
7,472,31,29,29,34,,472
7,471,30,29,28,33,,471
7,470,30,28,27,32,,470
7,469,29,27,27,31,,469
7,468,29,27,26,30,,468
7,467,28,26,25,29,,467
7,466,27,26,25,29,,466
7,465,27,25,25,28,,465
7,464,26,25,24,28,,464
7,463,26,24,24,27,,463
7,462,25,24,23,26,,462
7,461,24,23,22,26,,461
7,460,24,23,22,25,,460
7,459,23,22,21,24,,459
7,458,23,22,21,23,,458
7,457,22,21,21,23,,457
7,456,22,21,20,22,,456
7,455,21,20,19,21,,455
7,454,21,20,19,20,,454
7,453,20,19,18,19,,453
7,452,20,19,18,18,,452
7,451,19,19,17,17,,451
7,450,19,18,17,17,,450
7,449,18,18,16,16,,449
7,448,18,17,16,15,,448
7,447,17,17,15,15,,447
7,446,17,16,15,14,,446
7,445,16,16,15,13,,445
7,444,16,16,14,13,,444
7,443,15,15,14,12,,443
7,442,15,15,14,11,,442
7,441,14,14,13,11,,441
7,440,14,14,12,10,,440
7,439,13,14,12,10,,439
7,438,13,13,12,9,,438
7,437,12,13,11,8,,437
7,436,12,12,11,8,,436
7,435,12,12,11,7,,435
7,434,11,12,10,7,,434
7,433,11,11,10,6,,433
7,432,10,11,9,6,,432
7,431,10,11,9,5,,431
7,430,10,10,9,5,,430
7,429,9,10,8,4,,429
7,428,9,10,8,4,,428
7,427,8,9,8,4,,427
7,426,8,9,7,3,,426
7,425,8,8,7,3,,425
7,424,7,8,7,3,,424
7,423,7,8,6,2,,423
7,422,6,8,6,2,,422
7,421,6,7,6,2,,421
7,420,5,7,5,2,,420
7,419,5,7,5,2,,419
7,418,5,6,5,1,,418
7,417,4,6,4,1,,417
7,416,4,6,4,1,,416
7,415,4,5,4,1,,415
7,414,4,5,3,1,,414
7,413,3,5,3,1,,413
7,412,3,5,3,1,,412
7,411,3,4,3,1,,411
7,410,3,4,2,1,,410
7,409,2,4,2,1,,409
7,408,2,4,2,1,,408
7,407,2,3,2,1,,407
7,406,2,3,1,1,,406
7,405,2,3,1,1,,405
7,404,1,3,1,1,,404
7,403,1,3,1,1,,403
7,402,1,3,1,1,,402
7,401,1,2,1,1,,401
7,400,1,2,1,1,,400
7,399,1,2,1,1,,399
7,398,1,2,1,1,,398
7,397,1,2,1,1,,397
7,396,1,2,1,1,,396
7,395,1,2,1,1,,395
7,394,1,1,1,1,,394
7,393,1,1,1,1,,393
7,392,1,1,1,1,,392
7,391,1,1,1,1,,391
7,390,1,1,1,1,,390
7,389,1,1,1,1,,389
7,388,1,1,1,1,,388
7,387,1,1,1,1,,387
7,386,1,1,1,1,,386
7,385,1,1,1,1,,385
7,384,1,1,1,1,,384
7,383,1,1,1,1,,383
7,382,1,1,1,1,,382
7,381,1,1,1,1,,381
7,380,1,1,1,1,,380
7,379,1,1,1,1,,379
7,378,1,1,1,1,,378
7,377,1,1,1,1,,377
7,376,1,1,1,1,,376
7,375,1,1,1,1,,375
7,374,1,1,1,1,,374
7,373,1,1,1,1,,373
7,372,1,1,1,1,,372
7,371,1,1,1,1,,371
7,370,1,1,1,1,,370
8,720,99,99,99,99,99,720
8,719,99,99,99,99,99,719
8,718,99,99,99,99,99,718
8,717,99,99,99,99,99,717
8,716,99,99,99,99,99,716
8,715,99,99,99,99,99,715
8,714,99,99,99,99,99,714
8,713,99,99,99,99,99,713
8,712,99,99,99,99,99,712
8,711,99,99,99,99,99,711
8,710,99,99,99,99,99,710
8,709,99,99,99,99,99,709
8,708,99,99,99,99,99,708
8,707,99,99,99,99,99,707
8,706,99,99,99,99,99,706
8,705,99,99,99,99,99,705
8,704,99,99,99,99,99,704
8,703,99,99,99,99,99,703
8,702,99,99,99,99,99,702
8,701,99,99,99,99,99,701
8,700,99,99,99,99,99,700
8,699,99,99,99,99,99,699
8,698,99,99,99,99,99,698
8,697,99,99,99,99,99,697
8,696,99,99,99,99,99,696
8,695,99,99,99,99,99,695
8,694,99,99,99,99,99,694
8,693,99,99,99,99,99,693
8,692,99,99,99,99,99,692
8,691,99,99,99,99,99,691
8,690,99,99,99,99,99,690
8,689,99,99,99,99,99,689
8,688,99,99,99,99,99,688
8,687,99,99,99,99,99,687
8,686,99,99,99,99,99,686
8,685,99,99,99,99,99,685
8,684,99,99,99,99,99,684
8,683,99,99,99,99,99,683
8,682,99,99,99,99,99,682
8,681,99,99,99,99,99,681
8,680,99,99,99,99,99,680
8,679,99,99,99,99,99,679
8,678,99,99,99,99,99,678
8,677,99,99,99,99,99,677
8,676,99,99,99,99,99,676
8,675,99,99,99,99,99,675
8,674,99,99,99,99,99,674
8,673,99,99,99,99,99,673
8,672,99,99,99,99,99,672
8,671,99,99,99,99,99,671
8,670,99,99,99,99,99,670
8,669,99,99,99,99,99,669
8,668,99,99,99,99,99,668
8,667,99,99,99,99,99,667
8,666,99,99,99,99,99,666
8,665,99,99,99,99,99,665
8,664,99,99,99,99,99,664
8,663,99,99,99,98,99,663
8,662,99,99,99,98,99,662
8,661,99,99,99,98,99,661
8,660,99,99,99,98,99,660
8,659,99,99,99,98,99,659
8,658,99,99,99,98,99,658
8,657,99,99,99,98,99,657
8,656,99,99,99,98,99,656
8,655,99,99,99,98,99,655
8,654,99,99,99,98,99,654
8,653,99,99,99,98,99,653
8,652,99,99,99,98,99,652
8,651,99,99,99,98,99,651
8,650,99,99,99,98,99,650
8,649,99,99,99,97,99,649
8,648,99,99,99,97,99,648
8,647,99,99,99,97,99,647
8,646,99,99,99,97,99,646
8,645,99,99,99,97,98,645
8,644,99,99,99,97,98,644
8,643,99,99,99,97,98,643
8,642,99,99,99,97,98,642
8,641,99,99,99,97,98,641
8,640,99,99,99,96,98,640
8,639,98,99,99,96,98,639
8,638,98,99,99,96,98,638
8,637,98,99,99,96,98,637
8,636,98,99,99,96,98,636
8,635,98,99,99,96,97,635
8,634,98,99,99,96,97,634
8,633,98,98,99,96,97,633
8,632,98,98,99,96,97,632
8,631,98,98,99,95,97,631
8,630,98,98,99,95,97,630
8,629,98,98,99,95,97,629
8,628,98,98,98,95,97,628
8,627,97,98,98,95,96,627
8,626,97,98,98,95,96,626
8,625,97,98,98,95,96,625
8,624,97,98,98,94,96,624
8,623,97,97,98,94,96,623
8,622,97,97,98,94,96,622
8,621,97,97,98,94,96,621
8,620,97,97,98,94,95,620
8,619,97,97,98,93,95,619
8,618,97,97,98,93,95,618
8,617,97,96,97,93,95,617
8,616,96,96,97,93,95,616
8,615,96,96,97,93,94,615
8,614,96,96,97,92,94,614
8,613,96,96,97,92,94,613
8,612,96,95,97,92,94,612
8,611,95,95,96,92,94,611
8,610,95,95,96,91,93,610
8,609,95,95,96,91,93,609
8,608,95,94,96,91,92,608
8,607,95,94,96,90,92,607
8,606,94,94,95,90,92,606
8,605,94,94,95,89,92,605
8,604,94,93,95,89,92,604
8,603,94,93,95,89,91,603
8,602,93,93,95,89,91,602
8,601,93,93,94,89,91,601
8,600,93,92,94,89,91,600
8,599,92,92,94,88,90,599
8,598,92,92,94,88,90,598
8,597,92,92,93,88,90,597
8,596,91,91,93,88,90,596
8,595,91,91,93,87,89,595
8,594,91,90,93,87,89,594
8,593,90,90,92,87,89,593
8,592,90,90,91,87,88,592
8,591,89,89,91,86,88,591
8,590,89,89,90,86,88,590
8,589,89,89,90,86,88,589
8,588,88,88,90,85,87,588
8,587,88,88,89,85,87,587
8,586,87,88,89,85,87,586
8,585,87,87,89,84,86,585
8,584,86,87,88,84,86,584
8,583,86,86,88,83,85,583
8,582,86,86,87,83,85,582
8,581,85,85,87,83,85,581
8,580,85,85,86,82,84,580
8,579,84,84,86,82,84,579
8,578,84,84,85,82,83,578
8,577,83,83,85,81,83,577
8,576,83,83,84,81,83,576
8,575,82,83,84,80,82,575
8,574,82,82,83,80,82,574
8,573,81,82,83,80,81,573
8,572,81,81,82,79,81,572
8,571,80,81,82,79,80,571
8,570,80,80,81,78,80,570
8,569,79,79,81,78,80,569
8,568,79,79,80,78,79,568
8,567,78,78,79,77,79,567
8,566,78,78,79,77,78,566
8,565,77,77,79,76,78,565
8,564,76,77,78,76,77,564
8,563,76,76,77,75,77,563
8,562,75,76,77,75,76,562
8,561,75,75,76,75,76,561
8,560,74,75,75,74,75,560
8,559,73,74,75,74,75,559
8,558,73,74,74,73,74,558
8,557,72,73,73,73,74,557
8,556,72,72,73,72,73,556
8,555,71,72,72,72,73,555
8,554,70,71,72,71,72,554
8,553,70,71,71,71,72,553
8,552,69,70,70,70,71,552
8,551,68,70,70,69,71,551
8,550,68,69,69,69,70,550
8,549,67,68,68,68,70,549
8,548,66,67,67,68,69,548
8,547,66,67,67,67,69,547
8,546,65,66,66,66,68,546
8,545,64,66,66,66,68,545
8,544,64,65,65,65,67,544
8,543,63,64,64,65,66,543
8,542,62,64,64,64,66,542
8,541,62,63,63,64,65,541
8,540,61,62,62,63,64,540
8,539,60,62,61,63,64,539
8,538,60,61,61,62,63,538
8,537,59,60,60,62,62,537
8,536,58,60,59,61,62,536
8,535,58,59,59,60,61,535
8,534,57,58,58,60,61,534
8,533,56,58,57,59,60,533
8,532,56,57,57,58,59,532
8,531,55,56,56,58,59,531
8,530,54,56,55,57,58,530
8,529,54,55,54,56,57,529
8,528,53,54,54,56,57,528
8,527,52,54,53,55,56,527
8,526,52,53,52,54,56,526
8,525,51,52,51,54,55,525
8,524,50,52,51,53,54,524
8,523,50,51,50,53,54,523
8,522,49,50,49,52,53,522
8,521,48,49,49,51,53,521
8,520,48,49,48,51,52,520
8,519,47,48,47,50,52,519
8,518,46,47,47,50,51,518
8,517,46,47,46,49,50,517
8,516,45,46,45,48,50,516
8,515,45,46,44,48,49,515
8,514,44,45,44,47,48,514
8,513,43,44,43,46,48,513
8,512,43,44,42,45,47,512
8,511,42,43,42,45,47,511
8,510,42,42,41,44,46,510
8,509,41,42,41,43,45,509
8,508,40,41,40,43,43,508
8,507,40,40,39,42,42,507
8,506,39,40,39,41,42,506
8,505,39,39,38,41,42,505
8,504,38,38,37,40,41,504
8,503,38,38,37,39,41,503
8,502,37,37,36,38,41,502
8,501,37,36,35,38,40,501
8,500,36,36,35,37,40,500
8,499,36,35,34,36,39,499
8,498,35,34,34,36,38,498
8,497,34,34,33,35,38,497
8,496,34,33,33,34,37,496
8,495,33,33,32,34,36,495
8,494,33,32,32,33,36,494
8,493,32,31,31,32,35,493
8,492,32,31,30,31,34,492
8,491,31,30,29,30,33,491
8,490,30,30,29,29,33,490
8,489,30,29,28,28,32,489
8,488,29,28,27,28,32,488
8,487,29,28,27,28,31,487
8,486,28,27,27,27,30,486
8,485,28,27,26,27,30,485
8,484,27,26,25,26,29,484
8,483,27,26,25,25,28,483
8,482,26,25,24,24,28,482
8,481,26,25,24,23,27,481
8,480,25,24,23,23,26,480
8,479,25,24,23,22,26,479
8,478,24,23,22,21,25,478
8,477,24,22,21,21,24,477
8,476,24,22,21,20,24,476
8,475,23,21,21,19,23,475
8,474,23,21,20,18,22,474
8,473,22,20,20,18,22,473
8,472,22,20,19,17,21,472
8,471,21,19,19,16,21,471
8,470,21,19,18,16,20,470
8,469,20,19,18,15,19,469
8,468,20,18,17,14,19,468
8,467,19,18,17,14,18,467
8,466,19,17,17,13,18,466
8,465,18,17,16,12,17,465
8,464,18,16,15,12,16,464
8,463,18,16,15,11,16,463
8,462,17,15,15,10,15,462
8,461,17,15,14,10,15,461
8,460,16,15,14,9,14,460
8,459,16,14,14,9,14,459
8,458,15,14,13,8,13,458
8,457,15,13,12,8,12,457
8,456,15,13,12,7,12,456
8,455,14,13,12,7,11,455
8,454,14,12,11,6,11,454
8,453,13,12,11,6,11,453
8,452,13,12,11,6,10,452
8,451,12,11,10,5,10,451
8,450,12,11,10,5,9,450
8,449,12,11,10,4,9,449
8,448,11,10,9,4,8,448
8,447,11,10,9,3,8,447
8,446,10,10,9,3,7,446
8,445,10,9,8,3,7,445
8,444,10,9,8,2,7,444
8,443,9,9,8,2,6,443
8,442,9,8,7,2,6,442
8,441,9,8,7,2,5,441
8,440,8,8,7,2,5,440
8,439,8,7,6,1,5,439
8,438,8,7,6,1,4,438
8,437,7,7,6,1,4,437
8,436,7,7,5,1,4,436
8,435,7,6,5,1,4,435
8,434,7,6,5,1,3,434
8,433,6,6,5,1,3,433
8,432,6,6,4,1,3,432
8,431,6,5,4,1,3,431
8,430,5,5,4,1,2,430
8,429,5,5,4,1,2,429
8,428,5,4,3,1,2,428
8,427,5,4,3,1,2,427
8,426,4,4,3,1,2,426
8,425,4,4,3,1,2,425
8,424,4,4,2,1,1,424
8,423,3,4,2,1,1,423
8,422,3,3,2,1,1,422
8,421,3,3,2,1,1,421
8,420,3,3,2,1,1,420
8,419,2,3,2,1,1,419
8,418,2,3,1,1,1,418
8,417,2,3,1,1,1,417
8,416,2,2,1,1,1,416
8,415,2,2,1,1,1,415
8,414,2,2,1,1,1,414
8,413,1,2,1,1,1,413
8,412,1,2,1,1,1,412
8,411,1,2,1,1,1,411
8,410,1,2,1,1,1,410
8,409,1,2,1,1,1,409
8,408,1,1,1,1,1,408
8,407,1,1,1,1,1,407
8,406,1,1,1,1,1,406
8,405,1,1,1,1,1,405
8,404,1,1,1,1,1,404
8,403,1,1,1,1,1,403
8,402,1,1,1,1,1,402
8,401,1,1,1,1,1,401
8,400,1,1,1,1,1,400
8,399,1,1,1,1,1,399
8,398,1,1,1,1,1,398
8,397,1,1,1,1,1,397
8,396,1,1,1,1,1,396
8,395,1,1,1,1,1,395
8,394,1,1,1,1,1,394
8,393,1,1,1,1,1,393
8,392,1,1,1,1,1,392
8,391,1,1,1,1,1,391
8,390,1,1,1,1,1,390
8,389,1,1,1,1,1,389
8,388,1,1,1,1,1,388
8,387,1,1,1,1,1,387
8,386,1,1,1,1,1,386
8,385,1,1,1,1,1,385
9,750,99,99,99,99,,750
9,749,99,99,99,99,,749
9,748,99,99,99,99,,748
9,747,99,99,99,99,,747
9,746,99,99,99,99,,746
9,745,99,99,99,99,,745
9,744,99,99,99,99,,744
9,743,99,99,99,99,,743
9,742,99,99,99,99,,742
9,741,99,99,99,99,,741
9,740,99,99,99,99,,740
9,739,99,99,99,99,,739
9,738,99,99,99,99,,738
9,737,99,99,99,99,,737
9,736,99,99,99,99,,736
9,735,99,99,99,99,,735
9,734,99,99,99,99,,734
9,733,99,99,99,99,,733
9,732,99,99,99,99,,732
9,731,99,99,99,99,,731
9,730,99,99,99,99,,730
9,729,99,99,99,99,,729
9,728,99,99,99,99,,728
9,727,99,99,99,99,,727
9,726,99,99,99,99,,726
9,725,99,99,99,99,,725
9,724,99,99,99,99,,724
9,723,99,99,99,99,,723
9,722,99,99,99,99,,722
9,721,99,99,99,99,,721
9,720,99,99,99,99,,720
9,719,99,99,99,99,,719
9,718,99,99,99,99,,718
9,717,99,99,99,99,,717
9,716,99,99,99,99,,716
9,715,99,99,99,99,,715
9,714,99,99,99,99,,714
9,713,99,99,99,99,,713
9,712,99,99,99,99,,712
9,711,99,99,99,99,,711
9,710,99,99,99,99,,710
9,709,99,99,99,99,,709
9,708,99,99,99,99,,708
9,707,99,99,99,99,,707
9,706,99,99,99,99,,706
9,705,99,99,99,99,,705
9,704,99,99,99,99,,704
9,703,99,99,99,99,,703
9,702,99,99,99,99,,702
9,701,99,99,99,99,,701
9,700,99,99,99,99,,700
9,699,99,99,99,99,,699
9,698,99,99,99,99,,698
9,697,99,99,99,99,,697
9,696,99,99,99,99,,696
9,695,99,99,99,98,,695
9,694,99,99,99,98,,694
9,693,99,99,99,98,,693
9,692,99,99,99,98,,692
9,691,99,99,99,98,,691
9,690,99,99,99,98,,690
9,689,99,99,99,98,,689
9,688,99,99,99,98,,688
9,687,99,99,99,98,,687
9,686,98,99,99,98,,686
9,685,98,99,99,98,,685
9,684,98,99,99,98,,684
9,683,98,99,99,98,,683
9,682,98,99,99,98,,682
9,681,98,99,99,98,,681
9,680,98,99,99,98,,680
9,679,98,99,99,97,,679
9,678,98,99,99,97,,678
9,677,98,99,99,97,,677
9,676,98,99,99,97,,676
9,675,98,99,99,97,,675
9,674,98,99,99,97,,674
9,673,98,99,99,97,,673
9,672,98,99,99,97,,672
9,671,98,99,99,97,,671
9,670,98,99,99,97,,670
9,669,97,99,99,97,,669
9,668,97,99,99,97,,668
9,667,97,99,99,97,,667
9,666,97,99,99,96,,666
9,665,97,99,99,96,,665
9,664,97,99,99,96,,664
9,663,97,99,99,96,,663
9,662,97,99,99,96,,662
9,661,97,99,99,96,,661
9,660,97,99,99,96,,660
9,659,97,99,99,96,,659
9,658,97,99,99,96,,658
9,657,96,98,99,95,,657
9,656,96,98,98,95,,656
9,655,96,98,98,95,,655
9,654,96,98,98,95,,654
9,653,96,98,98,95,,653
9,652,96,98,98,95,,652
9,651,96,98,98,95,,651
9,650,96,98,98,94,,650
9,649,95,97,98,94,,649
9,648,95,97,98,94,,648
9,647,95,97,97,94,,647
9,646,95,97,97,94,,646
9,645,95,97,97,94,,645
9,644,95,97,97,93,,644
9,643,95,96,97,93,,643
9,642,94,96,97,93,,642
9,641,94,96,97,93,,641
9,640,94,96,96,93,,640
9,639,94,96,96,93,,639
9,638,94,95,96,92,,638
9,637,94,95,96,92,,637
9,636,94,95,96,92,,636
9,635,93,95,96,92,,635
9,634,93,94,95,92,,634
9,633,93,94,95,91,,633
9,632,93,94,95,91,,632
9,631,92,94,95,91,,631
9,630,92,93,94,91,,630
9,629,92,93,94,91,,629
9,628,91,93,94,91,,628
9,627,91,93,94,90,,627
9,626,91,92,93,90,,626
9,625,91,92,93,89,,625
9,624,90,92,93,89,,624
9,623,90,91,93,89,,623
9,622,90,91,92,89,,622
9,621,89,91,92,89,,621
9,620,89,90,92,88,,620
9,619,89,90,91,88,,619
9,618,88,90,91,88,,618
9,617,88,89,90,88,,617
9,616,88,89,90,87,,616
9,615,87,88,90,87,,615
9,614,87,88,89,87,,614
9,613,86,88,89,87,,613
9,612,86,87,89,86,,612
9,611,86,87,88,86,,611
9,610,85,86,88,86,,610
9,609,85,86,87,85,,609
9,608,84,85,87,85,,608
9,607,84,85,87,85,,607
9,606,84,84,86,84,,606
9,605,83,84,85,84,,605
9,604,83,84,85,84,,604
9,603,82,83,85,83,,603
9,602,82,83,84,83,,602
9,601,81,82,83,83,,601
9,600,81,82,83,82,,600
9,599,80,81,83,82,,599
9,598,80,81,82,82,,598
9,597,79,80,81,81,,597
9,596,79,80,81,81,,596
9,595,78,79,81,80,,595
9,594,78,78,80,80,,594
9,593,77,78,79,80,,593
9,592,77,77,79,79,,592
9,591,77,77,78,79,,591
9,590,76,76,78,78,,590
9,589,76,76,77,78,,589
9,588,75,75,76,77,,588
9,587,75,74,76,77,,587
9,586,74,74,75,76,,586
9,585,74,73,74,76,,585
9,584,73,73,74,76,,584
9,583,73,72,74,75,,583
9,582,72,71,73,75,,582
9,581,72,71,72,74,,581
9,580,71,70,71,74,,580
9,579,71,70,71,73,,579
9,578,70,69,70,73,,578
9,577,69,68,69,72,,577
9,576,69,68,69,72,,576
9,575,68,67,69,71,,575
9,574,68,66,68,71,,574
9,573,67,66,67,70,,573
9,572,66,65,66,70,,572
9,571,66,64,66,69,,571
9,570,65,64,65,69,,570
9,569,64,63,64,68,,569
9,568,64,63,63,68,,568
9,567,63,62,63,67,,567
9,566,63,61,62,67,,566
9,565,62,61,61,66,,565
9,564,61,60,61,65,,564
9,563,61,59,60,65,,563
9,562,60,59,60,64,,562
9,561,60,58,59,64,,561
9,560,59,57,58,63,,560
9,559,58,57,58,63,,559
9,558,58,56,57,62,,558
9,557,57,55,56,61,,557
9,556,57,55,55,61,,556
9,555,56,54,55,60,,555
9,554,55,53,54,60,,554
9,553,55,53,53,59,,553
9,552,54,52,53,59,,552
9,551,53,51,52,58,,551
9,550,53,51,52,57,,550
9,549,52,50,51,57,,549
9,548,52,49,50,56,,548
9,547,51,49,50,56,,547
9,546,50,48,49,55,,546
9,545,50,47,48,54,,545
9,544,49,47,47,54,,544
9,543,49,46,47,53,,543
9,542,48,46,46,52,,542
9,541,47,45,45,52,,541
9,540,47,44,45,51,,540
9,539,46,44,44,51,,539
9,538,46,43,44,50,,538
9,537,45,42,43,49,,537
9,536,45,42,42,49,,536
9,535,44,41,42,48,,535
9,534,43,41,41,47,,534
9,533,43,40,40,47,,533
9,532,42,39,40,46,,532
9,531,42,39,39,46,,531
9,530,41,38,39,45,,530
9,529,41,38,38,44,,529
9,528,40,37,37,44,,528
9,527,40,36,37,43,,527
9,526,39,36,36,42,,526
9,525,38,35,36,41,,525
9,524,38,35,35,41,,524
9,523,37,34,34,40,,523
9,522,37,34,34,39,,522
9,521,36,33,33,39,,521
9,520,36,33,33,38,,520
9,519,35,32,32,37,,519
9,518,34,32,32,37,,518
9,517,34,31,31,36,,517
9,516,33,30,31,36,,516
9,515,33,30,30,35,,515
9,514,32,29,29,34,,514
9,513,32,29,29,32,,513
9,512,31,28,29,31,,512
9,511,31,28,28,31,,511
9,510,30,27,27,31,,510
9,509,30,27,27,30,,509
9,508,29,27,27,30,,508
9,507,29,26,26,30,,507
9,506,28,26,26,29,,506
9,505,28,25,26,29,,505
9,504,27,25,25,28,,504
9,503,27,24,24,27,,503
9,502,27,24,23,27,,502
9,501,26,23,23,26,,501
9,500,26,23,23,26,,500
9,499,25,23,22,25,,499
9,498,25,22,22,25,,498
9,497,24,22,21,24,,497
9,496,24,21,21,24,,496
9,495,23,21,21,23,,495
9,494,23,21,20,22,,494
9,493,23,20,19,22,,493
9,492,22,20,19,21,,492
9,491,22,19,19,21,,491
9,490,21,19,18,20,,490
9,489,21,19,18,19,,489
9,488,20,18,18,19,,488
9,487,20,18,17,18,,487
9,486,20,18,17,18,,486
9,485,19,17,16,17,,485
9,484,19,17,16,17,,484
9,483,18,17,16,16,,483
9,482,18,16,15,16,,482
9,481,18,16,15,15,,481
9,480,17,16,15,14,,480
9,479,17,15,14,14,,479
9,478,16,15,14,13,,478
9,477,16,15,13,13,,477
9,476,16,15,13,12,,476
9,475,15,14,13,11,,475
9,474,15,14,13,11,,474
9,473,14,14,12,10,,473
9,472,14,13,12,10,,472
9,471,13,13,12,9,,471
9,470,13,13,11,9,,470
9,469,13,13,11,8,,469
9,468,12,12,11,8,,468
9,467,12,12,11,7,,467
9,466,11,12,10,7,,466
9,465,11,11,10,6,,465
9,464,11,11,10,6,,464
9,463,10,11,9,5,,463
9,462,10,11,9,5,,462
9,461,10,10,8,5,,461
9,460,9,10,8,4,,460
9,459,9,10,8,4,,459
9,458,9,10,8,3,,458
9,457,8,9,7,3,,457
9,456,8,9,7,3,,456
9,455,8,9,7,2,,455
9,454,7,9,7,2,,454
9,453,7,9,6,2,,453
9,452,7,8,6,2,,452
9,451,7,8,6,1,,451
9,450,6,8,6,1,,450
9,449,6,8,6,1,,449
9,448,6,8,5,1,,448
9,447,6,7,5,1,,447
9,446,5,7,5,1,,446
9,445,5,7,5,1,,445
9,444,5,7,4,1,,444
9,443,5,7,4,1,,443
9,442,4,6,4,1,,442
9,441,4,6,4,1,,441
9,440,4,6,4,1,,440
9,439,4,6,3,1,,439
9,438,4,6,3,1,,438
9,437,3,6,3,1,,437
9,436,3,5,3,1,,436
9,435,3,5,3,1,,435
9,434,3,5,2,1,,434
9,433,3,5,2,1,,433
9,432,2,5,2,1,,432
9,431,2,4,2,1,,431
9,430,2,4,2,1,,430
9,429,2,4,1,1,,429
9,428,2,4,1,1,,428
9,427,1,4,1,1,,427
9,426,1,3,1,1,,426
9,425,1,3,1,1,,425
9,424,1,3,1,1,,424
9,423,1,3,1,1,,423
9,422,1,2,1,1,,422
9,421,1,2,1,1,,421
9,420,1,2,1,1,,420
9,419,1,1,1,1,,419
9,418,1,1,1,1,,418
9,417,1,1,1,1,,417
9,416,1,1,1,1,,416
9,415,1,1,1,1,,415
9,414,1,1,1,1,,414
9,413,1,1,1,1,,413
9,412,1,1,1,1,,412
9,411,1,1,1,1,,411
9,410,1,1,1,1,,410
10,780,99,99,99,99,99,780
10,779,99,99,99,99,99,779
10,778,99,99,99,99,99,778
10,777,99,99,99,99,99,777
10,776,99,99,99,99,99,776
10,775,99,99,99,99,99,775
10,774,99,99,99,99,99,774
10,773,99,99,99,99,99,773
10,772,99,99,99,99,99,772
10,771,99,99,99,99,99,771
10,770,99,99,99,99,99,770
10,769,99,99,99,99,99,769
10,768,99,99,99,99,99,768
10,767,99,99,99,99,99,767
10,766,99,99,99,99,99,766
10,765,99,99,99,99,99,765
10,764,99,99,99,99,99,764
10,763,99,99,99,99,99,763
10,762,99,99,99,99,99,762
10,761,99,99,99,99,99,761
10,760,99,99,99,99,99,760
10,759,99,99,99,99,99,759
10,758,99,99,99,99,99,758
10,757,99,99,99,99,99,757
10,756,99,99,99,99,99,756
10,755,99,99,99,99,99,755
10,754,99,99,99,99,99,754
10,753,99,99,99,99,99,753
10,752,99,99,99,99,99,752
10,751,99,99,99,99,99,751
10,750,99,99,99,99,99,750
10,749,99,99,99,99,99,749
10,748,99,99,99,99,99,748
10,747,99,99,99,99,99,747
10,746,99,99,99,99,99,746
10,745,99,99,99,99,99,745
10,744,99,99,99,99,99,744
10,743,99,99,99,99,99,743
10,742,99,99,99,99,99,742
10,741,99,99,99,99,99,741
10,740,99,99,99,99,99,740
10,739,99,99,99,99,99,739
10,738,99,99,99,99,99,738
10,737,99,99,99,99,99,737
10,736,99,99,99,99,99,736
10,735,99,99,99,99,99,735
10,734,99,99,99,99,99,734
10,733,99,99,99,99,99,733
10,732,99,99,99,99,99,732
10,731,99,99,99,99,99,731
10,730,99,99,99,99,99,730
10,729,99,99,99,99,99,729
10,728,99,99,99,99,99,728
10,727,99,99,99,99,99,727
10,726,99,99,99,99,99,726
10,725,99,99,99,99,99,725
10,724,99,99,99,98,99,724
10,723,99,99,99,98,99,723
10,722,99,99,99,98,99,722
10,721,99,99,99,98,99,721
10,720,99,99,99,98,99,720
10,719,99,99,99,98,99,719
10,718,99,99,99,98,99,718
10,717,99,99,99,98,99,717
10,716,99,99,99,98,99,716
10,715,99,99,99,98,99,715
10,714,99,99,99,98,98,714
10,713,99,99,99,98,98,713
10,712,99,99,99,98,98,712
10,711,99,99,99,98,98,711
10,710,99,99,99,98,98,710
10,709,99,99,99,98,98,709
10,708,99,99,99,97,98,708
10,707,99,99,99,97,98,707
10,706,99,99,99,97,98,706
10,705,99,99,99,97,98,705
10,704,98,99,99,97,98,704
10,703,98,99,99,97,98,703
10,702,98,99,99,97,98,702
10,701,98,99,99,97,98,701
10,700,98,99,99,97,97,700
10,699,98,99,99,97,97,699
10,698,98,99,99,97,97,698
10,697,98,99,99,97,97,697
10,696,98,99,99,96,97,696
10,695,98,99,99,96,97,695
10,694,98,99,99,96,97,694
10,693,98,99,99,96,97,693
10,692,98,99,99,96,97,692
10,691,98,99,99,96,97,691
10,690,97,99,99,96,96,690
10,689,97,99,99,96,96,689
10,688,97,98,99,96,96,688
10,687,97,98,99,96,96,687
10,686,97,98,99,95,96,686
10,685,97,98,99,95,96,685
10,684,97,98,98,95,96,684
10,683,97,98,98,95,96,683
10,682,97,98,98,95,95,682
10,681,97,98,98,95,95,681
10,680,97,98,98,95,95,680
10,679,96,98,98,94,95,679
10,678,96,98,98,94,95,678
10,677,96,98,98,94,95,677
10,676,96,98,98,94,94,676
10,675,96,97,98,94,94,675
10,674,96,97,98,94,94,674
10,673,95,97,97,94,94,673
10,672,95,97,97,93,94,672
10,671,95,97,97,93,94,671
10,670,95,97,97,93,93,670
10,669,95,97,97,93,93,669
10,668,95,97,97,93,93,668
10,667,94,96,97,93,93,667
10,666,94,96,96,92,93,666
10,665,94,96,96,92,93,665
10,664,94,96,96,92,92,664
10,663,94,96,96,92,92,663
10,662,93,96,96,92,92,662
10,661,93,95,95,91,92,661
10,660,93,95,95,91,92,660
10,659,93,95,95,91,91,659
10,658,92,95,95,91,91,658
10,657,92,94,95,91,91,657
10,656,92,94,94,90,90,656
10,655,92,94,94,90,89,655
10,654,91,93,94,90,89,654
10,653,91,93,94,89,89,653
10,652,91,93,93,89,89,652
10,651,90,92,93,89,89,651
10,650,90,92,93,89,88,650
10,649,90,92,93,89,88,649
10,648,90,91,92,89,88,648
10,647,89,91,92,88,88,647
10,646,89,91,92,88,88,646
10,645,89,90,92,88,88,645
10,644,88,90,91,88,87,644
10,643,88,90,91,87,87,643
10,642,88,89,91,87,87,642
10,641,87,89,90,87,87,641
10,640,87,88,89,87,86,640
10,639,87,88,89,86,86,639
10,638,86,88,89,86,86,638
10,637,86,87,89,86,85,637
10,636,86,87,88,85,85,636
10,635,85,86,88,85,85,635
10,634,85,86,87,85,84,634
10,633,85,86,87,85,84,633
10,632,84,85,87,84,84,632
10,631,84,85,86,84,83,631
10,630,83,84,86,84,83,630
10,629,83,84,85,84,83,629
10,628,83,83,85,83,82,628
10,627,82,83,84,83,82,627
10,626,82,82,84,83,82,626
10,625,81,82,83,82,81,625
10,624,81,81,83,82,81,624
10,623,80,81,82,82,81,623
10,622,80,80,82,82,80,622
10,621,80,80,81,81,80,621
10,620,79,79,81,81,79,620
10,619,79,78,80,81,79,619
10,618,78,78,80,80,79,618
10,617,78,77,79,80,78,617
10,616,77,77,79,80,78,616
10,615,77,76,78,79,78,615
10,614,76,76,77,79,77,614
10,613,76,75,77,78,77,613
10,612,75,75,76,78,76,612
10,611,75,74,76,77,76,611
10,610,74,73,75,77,75,610
10,609,74,73,75,77,75,609
10,608,73,72,74,76,75,608
10,607,73,72,73,76,74,607
10,606,72,71,73,75,74,606
10,605,72,70,72,75,73,605
10,604,71,70,72,75,73,604
10,603,71,69,71,74,73,603
10,602,70,68,71,74,72,602
10,601,70,68,70,73,72,601
10,600,69,67,69,73,71,600
10,599,69,66,68,73,71,599
10,598,68,66,68,72,70,598
10,597,68,65,67,72,70,597
10,596,67,65,67,71,69,596
10,595,66,64,66,71,69,595
10,594,66,63,65,70,68,594
10,593,65,63,65,70,68,593
10,592,65,62,64,69,67,592
10,591,64,61,63,69,67,591
10,590,64,61,63,69,66,590
10,589,63,60,62,68,66,589
10,588,63,59,61,67,65,588
10,587,62,59,61,67,65,587
10,586,62,58,60,66,64,586
10,585,61,58,59,66,64,585
10,584,60,57,59,65,63,584
10,583,60,56,58,65,63,583
10,582,59,56,57,64,62,582
10,581,59,55,57,64,62,581
10,580,58,54,56,63,61,580
10,579,57,54,55,63,61,579
10,578,57,53,55,62,60,578
10,577,56,52,54,62,60,577
10,576,56,52,53,61,59,576
10,575,55,51,53,61,58,575
10,574,54,50,52,60,58,574
10,573,54,50,51,60,57,573
10,572,53,49,51,59,57,572
10,571,53,49,50,58,56,571
10,570,52,48,49,58,56,570
10,569,51,47,49,57,55,569
10,568,51,47,48,56,54,568
10,567,50,46,48,56,54,567
10,566,50,46,47,55,53,566
10,565,49,45,46,54,53,565
10,564,48,44,46,54,52,564
10,563,48,44,45,53,52,563
10,562,47,43,44,53,51,562
10,561,47,43,44,52,50,561
10,560,46,42,43,52,50,560
10,559,46,41,42,51,49,559
10,558,45,41,42,50,49,558
10,557,44,40,41,50,48,557
10,556,44,40,41,49,47,556
10,555,43,39,40,48,46,555
10,554,43,39,39,48,46,554
10,553,42,38,39,47,45,553
10,552,41,38,38,46,44,552
10,551,41,37,38,46,44,551
10,550,40,37,37,45,43,550
10,549,40,36,36,44,43,549
10,548,39,35,36,44,42,548
10,547,39,35,35,43,41,547
10,546,38,34,35,42,40,546
10,545,37,34,34,42,39,545
10,544,37,33,33,41,38,544
10,543,36,33,33,40,38,543
10,542,36,32,32,40,38,542
10,541,35,32,32,39,37,541
10,540,35,31,31,38,37,540
10,539,34,31,31,37,36,539
10,538,33,30,30,35,36,538
10,537,33,30,30,34,35,537
10,536,32,29,29,33,35,536
10,535,32,29,29,33,34,535
10,534,31,29,28,32,33,534
10,533,31,28,28,32,33,533
10,532,30,28,27,32,32,532
10,531,30,27,27,31,31,531
10,530,29,27,27,31,31,530
10,529,29,26,26,30,30,529
10,528,28,26,25,29,30,528
10,527,28,25,25,29,29,527
10,526,27,25,24,28,28,526
10,525,26,25,24,27,28,525
10,524,26,24,23,26,27,524
10,523,25,24,23,26,26,523
10,522,25,23,22,25,26,522
10,521,24,23,22,24,25,521
10,520,24,23,22,24,25,520
10,519,23,22,21,23,24,519
10,518,23,22,21,22,24,518
10,517,23,21,20,22,23,517
10,516,22,21,20,21,22,516
10,515,22,21,19,20,22,515
10,514,21,20,19,20,21,514
10,513,21,20,18,19,20,513
10,512,20,20,18,18,20,512
10,511,20,19,18,18,19,511
10,510,19,19,17,17,18,510
10,509,19,18,17,16,18,509
10,508,19,18,17,16,17,508
10,507,18,18,16,15,17,507
10,506,18,17,16,15,16,506
10,505,17,17,15,14,16,505
10,504,17,17,15,13,15,504
10,503,16,16,15,13,15,503
10,502,16,16,14,12,14,502
10,501,16,16,14,12,14,501
10,500,15,15,14,11,13,500
10,499,15,15,13,10,13,499
10,498,15,15,13,10,12,498
10,497,14,14,13,9,12,497
10,496,14,14,12,8,11,496
10,495,13,14,12,8,11,495
10,494,13,14,12,8,10,494
10,493,13,13,11,7,10,493
10,492,12,13,11,7,9,492
10,491,12,13,11,6,9,491
10,490,11,12,10,6,8,490
10,489,11,12,10,6,8,489
10,488,11,12,10,5,7,488
10,487,10,12,9,5,7,487
10,486,10,11,9,5,7,486
10,485,9,11,9,4,6,485
10,484,9,11,8,4,6,484
10,483,9,10,8,4,5,483
10,482,8,10,8,3,5,482
10,481,8,10,8,3,5,481
10,480,7,10,7,3,4,480
10,479,7,9,7,2,4,479
10,478,7,9,7,2,4,478
10,477,7,9,6,2,3,477
10,476,6,9,6,2,3,476
10,475,6,8,6,2,3,475
10,474,6,8,6,1,3,474
10,473,5,8,5,1,3,473
10,472,5,8,5,1,2,472
10,471,5,8,5,1,2,471
10,470,4,7,5,1,2,470
10,469,4,7,4,1,2,469
10,468,4,7,4,1,2,468
10,467,4,7,4,1,1,467
10,466,3,6,3,1,1,466
10,465,3,6,3,1,1,465
10,464,3,6,3,1,1,464
10,463,3,6,3,1,1,463
10,462,3,6,3,1,1,462
10,461,2,5,2,1,1,461
10,460,2,5,2,1,1,460
10,459,2,5,2,1,1,459
10,458,2,5,2,1,1,458
10,457,2,5,1,1,1,457
10,456,2,4,1,1,1,456
10,455,1,4,1,1,1,455
10,454,1,4,1,1,1,454
10,453,1,4,1,1,1,453
10,452,1,4,1,1,1,452
10,451,1,4,1,1,1,451
10,450,1,3,1,1,1,450
10,449,1,3,1,1,1,449
10,448,1,3,1,1,1,448
10,447,1,3,1,1,1,447
10,446,1,2,1,1,1,446
10,445,1,2,1,1,1,445
10,444,1,2,1,1,1,444
10,443,1,1,1,1,1,443
10,442,1,1,1,1,1,442
10,441,1,1,1,1,1,441
10,440,1,1,1,1,1,440
10,439,1,1,1,1,1,439
10,438,1,1,1,1,1,438
10,437,1,1,1,1,1,437
10,436,1,1,1,1,1,436
10,435,1,1,1,1,1,435
11,800,99,99,99,99,,800
11,799,99,99,99,99,,799
11,798,99,99,99,99,,798
11,797,99,99,99,99,,797
11,796,99,99,99,99,,796
11,795,99,99,99,99,,795
11,794,99,99,99,99,,794
11,793,99,99,99,99,,793
11,792,99,99,99,99,,792
11,791,99,99,99,99,,791
11,790,99,99,99,99,,790
11,789,99,99,99,99,,789
11,788,99,99,99,99,,788
11,787,99,99,99,99,,787
11,786,99,99,99,99,,786
11,785,99,99,99,99,,785
11,784,99,99,99,99,,784
11,783,99,99,99,99,,783
11,782,99,99,99,99,,782
11,781,99,99,99,99,,781
11,780,99,99,99,99,,780
11,779,99,99,99,99,,779
11,778,99,99,99,99,,778
11,777,99,99,99,99,,777
11,776,99,99,99,99,,776
11,775,99,99,99,99,,775
11,774,99,99,99,99,,774
11,773,99,99,99,99,,773
11,772,99,99,99,99,,772
11,771,99,99,99,99,,771
11,770,99,99,99,99,,770
11,769,99,99,99,99,,769
11,768,99,99,99,99,,768
11,767,99,99,99,99,,767
11,766,99,99,99,99,,766
11,765,99,99,99,99,,765
11,764,99,99,99,99,,764
11,763,99,99,99,99,,763
11,762,99,99,99,99,,762
11,761,99,99,99,99,,761
11,760,99,99,99,99,,760
11,759,99,99,99,99,,759
11,758,99,99,99,98,,758
11,757,99,99,99,98,,757
11,756,99,99,99,98,,756
11,755,99,99,99,98,,755
11,754,99,99,99,98,,754
11,753,99,99,99,98,,753
11,752,99,99,99,98,,752
11,751,99,99,99,98,,751
11,750,99,99,99,98,,750
11,749,99,99,99,98,,749
11,748,99,99,99,98,,748
11,747,99,99,99,98,,747
11,746,99,99,99,98,,746
11,745,99,99,99,98,,745
11,744,98,99,99,98,,744
11,743,98,99,99,98,,743
11,742,98,99,99,98,,742
11,741,98,99,99,98,,741
11,740,98,99,99,98,,740
11,739,98,99,99,97,,739
11,738,98,99,99,97,,738
11,737,98,99,99,97,,737
11,736,98,99,99,97,,736
11,735,98,99,99,97,,735
11,734,98,99,99,97,,734
11,733,98,99,99,97,,733
11,732,98,99,99,97,,732
11,731,98,99,99,97,,731
11,730,98,99,99,97,,730
11,729,97,99,99,97,,729
11,728,97,99,99,97,,728
11,727,97,99,99,96,,727
11,726,97,99,99,96,,726
11,725,97,99,99,96,,725
11,724,97,99,99,96,,724
11,723,97,99,99,96,,723
11,722,97,99,99,96,,722
11,721,97,99,99,96,,721
11,720,97,99,99,96,,720
11,719,97,99,99,96,,719
11,718,97,99,99,96,,718
11,717,97,99,99,95,,717
11,716,97,99,99,95,,716
11,715,97,99,99,95,,715
11,714,96,99,98,95,,714
11,713,96,99,98,95,,713
11,712,96,99,98,95,,712
11,711,96,99,98,94,,711
11,710,96,99,98,94,,710
11,709,96,99,98,94,,709
11,708,96,99,98,94,,708
11,707,96,98,98,94,,707
11,706,96,98,98,94,,706
11,705,96,98,98,94,,705
11,704,96,98,98,93,,704
11,703,96,98,98,93,,703
11,702,95,98,98,93,,702
11,701,95,98,97,93,,701
11,700,95,98,97,93,,700
11,699,95,98,97,93,,699
11,698,95,98,97,93,,698
11,697,95,98,97,92,,697
11,696,95,97,97,92,,696
11,695,94,97,97,92,,695
11,694,94,97,96,92,,694
11,693,94,97,96,92,,693
11,692,94,97,96,92,,692
11,691,94,97,96,92,,691
11,690,94,97,96,92,,690
11,689,94,96,96,91,,689
11,688,93,96,96,91,,688
11,687,93,96,96,91,,687
11,686,93,96,95,91,,686
11,685,93,95,95,91,,685
11,684,93,95,95,91,,684
11,683,93,95,95,90,,683
11,682,93,95,95,90,,682
11,681,92,94,94,90,,681
11,680,92,94,94,90,,680
11,679,92,94,94,90,,679
11,678,92,93,94,90,,678
11,677,92,93,93,89,,677
11,676,92,93,93,89,,676
11,675,91,92,93,89,,675
11,674,91,92,93,88,,674
11,673,90,92,92,88,,673
11,672,90,91,92,88,,672
11,671,90,91,92,88,,671
11,670,89,91,91,88,,670
11,669,89,91,91,87,,669
11,668,89,90,91,87,,668
11,667,88,90,90,87,,667
11,666,88,89,90,87,,666
11,665,88,89,90,86,,665
11,664,87,88,90,86,,664
11,663,87,88,89,86,,663
11,662,87,88,89,85,,662
11,661,86,87,89,85,,661
11,660,86,87,89,85,,660
11,659,85,86,88,84,,659
11,658,85,86,87,84,,658
11,657,85,85,86,84,,657
11,656,84,85,86,83,,656
11,655,84,84,86,83,,655
11,654,83,84,85,83,,654
11,653,83,83,85,82,,653
11,652,82,83,84,82,,652
11,651,82,82,83,82,,651
11,650,82,82,83,81,,650
11,649,81,81,83,81,,649
11,648,81,81,82,80,,648
11,647,80,80,81,80,,647
11,646,80,79,81,80,,646
11,645,79,79,80,79,,645
11,644,79,78,80,79,,644
11,643,78,78,79,78,,643
11,642,78,77,79,78,,642
11,641,77,77,78,78,,641
11,640,77,76,77,77,,640
11,639,76,76,77,77,,639
11,638,76,75,76,76,,638
11,637,75,74,76,76,,637
11,636,74,74,75,76,,636
11,635,74,73,75,75,,635
11,634,73,73,74,75,,634
11,633,73,72,73,74,,633
11,632,72,72,73,74,,632
11,631,72,71,72,73,,631
11,630,71,70,72,73,,630
11,629,71,70,71,73,,629
11,628,70,69,70,72,,628
11,627,70,68,69,72,,627
11,626,69,68,69,71,,626
11,625,68,67,69,71,,625
11,624,68,66,68,70,,624
11,623,67,66,67,70,,623
11,622,67,65,66,69,,622
11,621,66,64,66,69,,621
11,620,65,64,65,69,,620
11,619,65,63,65,68,,619
11,618,64,62,64,68,,618
11,617,63,62,63,67,,617
11,616,63,61,62,67,,616
11,615,62,60,62,66,,615
11,614,62,60,61,66,,614
11,613,61,59,61,65,,613
11,612,60,58,60,65,,612
11,611,60,58,59,64,,611
11,610,59,57,58,64,,610
11,609,59,56,58,63,,609
11,608,58,56,57,63,,608
11,607,58,55,57,62,,607
11,606,57,54,56,62,,606
11,605,56,54,55,61,,605
11,604,56,53,55,61,,604
11,603,55,53,54,60,,603
11,602,55,52,53,60,,602
11,601,54,51,53,59,,601
11,600,54,51,52,58,,600
11,599,53,50,51,58,,599
11,598,52,50,50,57,,598
11,597,52,49,50,57,,597
11,596,51,49,49,56,,596
11,595,51,48,49,56,,595
11,594,50,47,48,55,,594
11,593,49,47,47,55,,593
11,592,49,46,47,54,,592
11,591,48,45,46,54,,591
11,590,48,45,45,53,,590
11,589,47,44,45,53,,589
11,588,46,44,44,52,,588
11,587,46,43,44,51,,587
11,586,45,42,43,51,,586
11,585,44,42,42,50,,585
11,584,44,41,42,50,,584
11,583,43,41,41,49,,583
11,582,43,40,40,48,,582
11,581,42,39,40,48,,581
11,580,42,39,39,47,,580
11,579,41,38,39,47,,579
11,578,41,38,38,46,,578
11,577,40,37,37,46,,577
11,576,39,36,37,45,,576
11,575,39,36,36,45,,575
11,574,38,35,36,44,,574
11,573,38,35,35,44,,573
11,572,37,34,35,43,,572
11,571,37,34,34,42,,571
11,570,36,33,33,42,,570
11,569,36,32,33,41,,569
11,568,35,32,32,41,,568
11,567,35,32,32,40,,567
11,566,34,31,31,40,,566
11,565,34,31,31,39,,565
11,564,33,30,31,38,,564
11,563,33,30,30,38,,563
11,562,32,29,30,37,,562
11,561,31,29,30,36,,561
11,560,31,28,29,35,,560
11,559,30,28,28,34,,559
11,558,30,27,27,33,,558
11,557,29,27,27,33,,557
11,556,29,26,26,33,,556
11,555,28,26,26,32,,555
11,554,28,25,25,32,,554
11,553,28,25,25,31,,553
11,552,27,25,24,31,,552
11,551,27,24,24,30,,551
11,550,26,24,23,29,,550
11,549,26,23,23,29,,549
11,548,25,23,23,28,,548
11,547,25,22,22,27,,547
11,546,24,22,22,27,,546
11,545,24,22,21,26,,545
11,544,23,21,21,26,,544
11,543,23,21,21,25,,543
11,542,23,21,20,24,,542
11,541,22,20,20,24,,541
11,540,22,20,19,23,,540
11,539,21,19,19,22,,539
11,538,21,19,19,22,,538
11,537,20,19,18,21,,537
11,536,20,18,18,21,,536
11,535,20,18,17,20,,535
11,534,19,18,17,19,,534
11,533,19,17,17,18,,533
11,532,18,17,16,17,,532
11,531,18,17,16,17,,531
11,530,18,16,16,16,,530
11,529,17,16,15,15,,529
11,528,17,16,15,15,,528
11,527,16,16,15,14,,527
11,526,16,15,14,13,,526
11,525,16,15,14,13,,525
11,524,15,15,13,12,,524
11,523,15,14,13,11,,523
11,522,15,14,13,11,,522
11,521,14,14,13,10,,521
11,520,14,14,12,9,,520
11,519,13,13,12,9,,519
11,518,13,13,12,8,,518
11,517,13,13,11,8,,517
11,516,12,12,11,7,,516
11,515,12,12,11,6,,515
11,514,12,12,10,6,,514
11,513,11,12,10,5,,513
11,512,11,11,10,5,,512
11,511,10,11,10,4,,511
11,510,10,11,9,4,,510
11,509,10,11,9,4,,509
11,508,9,10,9,3,,508
11,507,9,10,8,3,,507
11,506,9,10,8,3,,506
11,505,8,10,8,2,,505
11,504,8,9,8,2,,504
11,503,8,9,7,2,,503
11,502,7,9,7,1,,502
11,501,7,9,7,1,,501
11,500,7,9,6,1,,500
11,499,6,8,6,1,,499
11,498,6,8,6,1,,498
11,497,6,8,6,1,,497
11,496,6,8,5,1,,496
11,495,5,8,5,1,,495
11,494,5,7,5,1,,494
11,493,5,7,4,1,,493
11,492,5,7,4,1,,492
11,491,4,7,4,1,,491
11,490,4,7,4,1,,490
11,489,4,6,3,1,,489
11,488,4,6,3,1,,488
11,487,3,6,3,1,,487
11,486,3,6,3,1,,486
11,485,3,5,2,1,,485
11,484,3,5,2,1,,484
11,483,3,5,2,1,,483
11,482,2,4,2,1,,482
11,481,2,4,1,1,,481
11,480,2,4,1,1,,480
11,479,2,4,1,1,,479
11,478,2,3,1,1,,478
11,477,1,3,1,1,,477
11,476,1,3,1,1,,476
11,475,1,3,1,1,,475
11,474,1,2,1,1,,474
11,473,1,2,1,1,,473
11,472,1,2,1,1,,472
11,471,1,2,1,1,,471
11,470,1,2,1,1,,470
11,469,1,1,1,1,,469
11,468,1,1,1,1,,468
11,467,1,1,1,1,,467
11,466,1,1,1,1,,466
11,465,1,1,1,1,,465
11,464,1,1,1,1,,464
11,463,1,1,1,1,,463
11,462,1,1,1,1,,462
11,461,1,1,1,1,,461
11,460,1,1,1,1,,460
